{"stats":{"minecraft:used":{"minecraft:stone_brick_stairs":1,"minecraft:blue_carpet":1,"minecraft:black_concrete":10,"minecraft:sea_lantern":27,"minecraft:dirt":10,"minecraft:snow":6,"minecraft:spruce_wood":23,"minecraft:black_stained_glass_pane":11,"minecraft:red_concrete":10,"minecraft:grass_block":22,"minecraft:polished_blackstone":10,"minecraft:oak_planks":20,"minecraft:spruce_planks":10,"minecraft:stone":55,"minecraft:gray_concrete":113,"minecraft:purple_carpet":1,"minecraft:polished_blackstone_stairs":14,"minecraft:pink_stained_glass_pane":3},"minecraft:picked_up":{"minecraft:purple_carpet":1},"minecraft:custom":{"minecraft:time_since_rest":33882,"minecraft:play_time":33882,"minecraft:crouch_one_cm":1456,"minecraft:sprint_one_cm":12654,"minecraft:walk_one_cm":10400,"minecraft:sneak_time":2411,"minecraft:walk_under_water_one_cm":1759,"minecraft:jump":129,"minecraft:leave_game":4,"minecraft:walk_on_water_one_cm":4894,"minecraft:time_since_death":33882,"minecraft:climb_one_cm":308,"minecraft:total_world_time":34257,"minecraft:fly_one_cm":1143696}},"DataVersion":2975}